"CHEGADA DOS TEMPLATES — base dos prazos (só fórmulas, não editar)",,,,,,,,,,,,,,,,,,,,,,,,,,,,,,,,,,,,,,,,,,,,,,,,,,,,,,,,,,,,,,,,,,,,,,,,,,,,,,,,,,,
Início da regra,08/10/2026,,,,,,,,,,,,,,,,,,,,,,,,,,,,,,,,,,,,,,,,,,,,,,,,,,,,,,,,,,,,,,,,,,,,,,,,,,,,,,,,,,
Previsto = 1º dia útil do template no cronograma da Dani · Chegou = Concluído (efetivo) da tarefa de Template · Usado = data que conta para os prazos · Atraso em dias úteis · Margem negativa = atraso previsto da unidade.,,,,,,,,,,,,,,,,,,,,,,,,,,,,,,,,,,,,,,,,,,,,,,,,,,,,,,,,,,,,,,,,,,,,,,,,,,,,,,,,,,,
Unidade,Aba,Regra,Data Dani,Entrega prevista,Margem (d.u.),Template que define,Texto,Prev MET,Prev PI,Prev RP,Prev ADM,Prev AGS,Prev COM,Prev CDC,Prev ECS,Prev GOP,Prev GIM,Prev TI,Prev TEV,Chegou MET,Chegou PI,Chegou RP,Chegou ADM,Chegou AGS,Chegou COM,Chegou CDC,Chegou ECS,Chegou GOP,Chegou GIM,Chegou TI,Chegou TEV,MET,PI,RP,ADM,AGS,COM,CDC,ECS,GOP,GIM,TI,TEV,Atraso MET,Atraso PI,Atraso RP,Atraso ADM,Atraso AGS,Atraso COM,Atraso CDC,Atraso ECS,Atraso GOP,Atraso GIM,Atraso TI,Atraso TEV,T MET,Dani MET,T PI,Dani PI,T RP,Dani RP,T ADM,Dani ADM,T COMUNS,Dani COMUNS,T TUDO,Dani TUDO,T ADM+AGS,Dani ADM+AGS,T ADM+COM,Dani ADM+COM,T ADM+CDC,Dani ADM+CDC,T ADM+ECS,Dani ADM+ECS,T ADM+GOP,Dani ADM+GOP,T ADM+GIM,Dani ADM+GIM,T ADM+TI,Dani ADM+TI,T ADM+TEV,Dani ADM+TEV
M2 U6,M2,exceção,29/09/2026,29/09/2026,0,ADM,prazos combinados com a equipe,15/09,15/09,15/09,21/09,21/09,21/09,21/09,21/09,21/09,21/09,21/09,21/09,18/09,18/09,18/09,18/09,18/09,18/09,18/09,18/09,18/09,18/09,18/09,18/09,18/09,18/09,18/09,21/09,21/09,21/09,21/09,21/09,21/09,21/09,21/09,21/09,3,3,3,0,0,0,0,0,0,0,0,0,18/09,02/10,18/09,02/10,18/09,02/10,21/09,29/09,18/09,02/10,21/09,02/10,21/09,29/09,21/09,29/09,21/09,29/09,21/09,29/09,21/09,29/09,21/09,29/09,21/09,29/09,21/09,29/09
M2 U7,M2,exceção,13/10/2026,13/10/2026,0,ADM,prazos combinados com a equipe,28/09,28/09,,05/10,05/10,05/10,05/10,05/10,05/10,05/10,05/10,05/10,27/09,27/09,,22/09,22/09,22/09,27/09,27/09,27/09,27/09,27/09,27/09,28/09,28/09,,05/10,05/10,05/10,05/10,05/10,05/10,05/10,05/10,05/10,0,0,0,0,0,0,0,0,0,0,0,0,28/09,13/10,28/09,13/10,,,05/10,13/10,28/09,13/10,05/10,13/10,05/10,13/10,05/10,13/10,05/10,13/10,05/10,13/10,05/10,13/10,05/10,13/10,05/10,13/10,05/10,13/10
M2 U8,M2,exceção,13/10/2026,13/10/2026,0,ADM,prazos combinados com a equipe,28/09,28/09,,05/10,05/10,05/10,05/10,05/10,05/10,05/10,05/10,05/10,27/09,27/09,,27/09,27/09,27/09,27/09,27/09,27/09,27/09,27/09,27/09,28/09,28/09,,05/10,05/10,05/10,05/10,05/10,05/10,05/10,05/10,05/10,0,0,0,0,0,0,0,0,0,0,0,0,28/09,13/10,28/09,13/10,,,05/10,13/10,28/09,13/10,05/10,13/10,05/10,13/10,05/10,13/10,05/10,13/10,05/10,13/10,05/10,13/10,05/10,13/10,05/10,13/10,05/10,13/10
M3 U1,M3,exceção,13/10/2026,13/10/2026,0,PI,prazos combinados com a equipe,05/10,05/10,,05/10,05/10,05/10,05/10,05/10,05/10,05/10,05/10,05/10,29/09,06/10,,29/09,29/09,29/09,04/10,04/10,04/10,04/10,04/10,04/10,05/10,06/10,,05/10,05/10,05/10,05/10,05/10,05/10,05/10,05/10,05/10,0,1,0,0,0,0,0,0,0,0,0,0,05/10,13/10,06/10,14/10,,,05/10,13/10,06/10,14/10,06/10,14/10,05/10,13/10,05/10,13/10,05/10,13/10,05/10,13/10,05/10,13/10,05/10,13/10,05/10,13/10,05/10,13/10
M3 U2,M3,nova,20/10/2026,20/10/2026,0,MET,margem 0 d.u. · Dani 20/10,13/10,13/10,13/10,13/10,13/10,13/10,13/10,13/10,13/10,13/10,13/10,13/10,07/10,08/10,08/10,06/10,06/10,06/10,06/10,07/10,07/10,07/10,07/10,07/10,08/10,08/10,08/10,08/10,08/10,08/10,08/10,08/10,08/10,08/10,08/10,08/10,0,0,0,0,0,0,0,0,0,0,0,0,08/10,20/10,08/10,20/10,08/10,20/10,08/10,20/10,08/10,20/10,08/10,20/10,08/10,20/10,08/10,20/10,08/10,20/10,08/10,20/10,08/10,20/10,08/10,20/10,08/10,20/10,08/10,20/10
M3 U3,M3,nova,29/10/2026,29/10/2026,0,MET,margem 0 d.u. · Dani 29/10,21/10,21/10,,13/10,13/10,13/10,13/10,13/10,13/10,13/10,13/10,13/10,,,,07/10,07/10,08/10,08/10,08/10,09/10,09/10,09/10,09/10,21/10,21/10,,08/10,08/10,08/10,08/10,08/10,09/10,09/10,09/10,09/10,0,0,0,0,0,0,0,0,0,0,0,0,21/10,29/10,21/10,29/10,,,08/10,29/10,21/10,29/10,21/10,29/10,08/10,29/10,08/10,29/10,08/10,29/10,08/10,29/10,09/10,29/10,09/10,29/10,09/10,29/10,09/10,29/10
M3 U4,M3,nova,29/10/2026,29/10/2026,0,MET,margem 0 d.u. · Dani 29/10,21/10,21/10,13/10,13/10,13/10,13/10,13/10,13/10,13/10,13/10,13/10,13/10,,,,,,,,,,,,,21/10,21/10,13/10,13/10,13/10,13/10,13/10,13/10,13/10,13/10,13/10,13/10,0,0,0,0,0,0,0,0,0,0,0,0,21/10,29/10,21/10,29/10,13/10,29/10,13/10,29/10,21/10,29/10,21/10,29/10,13/10,29/10,13/10,29/10,13/10,29/10,13/10,29/10,13/10,29/10,13/10,29/10,13/10,29/10,13/10,29/10
M3 U5,M3,nova,28/10/2026,28/10/2026,0,ADM,margem 0 d.u. · Dani 28/10,13/10,19/10,,20/10,20/10,20/10,20/10,20/10,20/10,20/10,20/10,20/10,,,,,,,,,,,,,13/10,19/10,,20/10,20/10,20/10,20/10,20/10,20/10,20/10,20/10,20/10,0,0,0,0,0,0,0,0,0,0,0,0,13/10,28/10,19/10,28/10,,,20/10,28/10,19/10,28/10,20/10,28/10,20/10,28/10,20/10,28/10,20/10,28/10,20/10,28/10,20/10,28/10,20/10,28/10,20/10,28/10,20/10,28/10
M3 U6,M3,nova,28/10/2026,28/10/2026,0,ADM,margem 0 d.u. · Dani 28/10,19/10,19/10,19/10,20/10,20/10,20/10,20/10,20/10,20/10,20/10,20/10,20/10,,,,,,,,,,,,,19/10,19/10,19/10,20/10,20/10,20/10,20/10,20/10,20/10,20/10,20/10,20/10,0,0,0,0,0,0,0,0,0,0,0,0,19/10,28/10,19/10,28/10,19/10,28/10,20/10,28/10,19/10,28/10,20/10,28/10,20/10,28/10,20/10,28/10,20/10,28/10,20/10,28/10,20/10,28/10,20/10,28/10,20/10,28/10,20/10,28/10
M3 U7,M3,nova,04/11/2026,04/11/2026,0,ADM,margem 0 d.u. · Dani 04/11,19/10,19/10,,27/10,27/10,27/10,27/10,27/10,27/10,27/10,27/10,27/10,,,,,,,,,,,,,19/10,19/10,,27/10,27/10,27/10,27/10,27/10,27/10,27/10,27/10,27/10,0,0,0,0,0,0,0,0,0,0,0,0,19/10,04/11,19/10,04/11,,,27/10,04/11,19/10,04/11,27/10,04/11,27/10,04/11,27/10,04/11,27/10,04/11,27/10,04/11,27/10,04/11,27/10,04/11,27/10,04/11,27/10,04/11
M3 U8,M3,nova,04/11/2026,04/11/2026,0,ADM,margem 0 d.u. · Dani 04/11,19/10,26/10,,27/10,27/10,27/10,27/10,27/10,27/10,27/10,27/10,27/10,,,,,,,,,,,,,19/10,26/10,,27/10,27/10,27/10,27/10,27/10,27/10,27/10,27/10,27/10,0,0,0,0,0,0,0,0,0,0,0,0,19/10,04/11,26/10,04/11,,,27/10,04/11,26/10,04/11,27/10,04/11,27/10,04/11,27/10,04/11,27/10,04/11,27/10,04/11,27/10,04/11,27/10,04/11,27/10,04/11,27/10,04/11
M4 U1,M4,nova,03/11/2026,03/11/2026,0,MET,margem 0 d.u. · Dani 03/11,26/10,26/10,,26/10,26/10,26/10,26/10,26/10,26/10,26/10,26/10,26/10,,,,,,,,,,,,,26/10,26/10,,26/10,26/10,26/10,26/10,26/10,26/10,26/10,26/10,26/10,0,0,0,0,0,0,0,0,0,0,0,0,26/10,03/11,26/10,03/11,,,26/10,03/11,26/10,03/11,26/10,03/11,26/10,03/11,26/10,03/11,26/10,03/11,26/10,03/11,26/10,03/11,26/10,03/11,26/10,03/11,26/10,03/11
M4 U2,M4,nova,03/11/2026,03/11/2026,0,MET,margem 0 d.u. · Dani 03/11,26/10,26/10,26/10,26/10,26/10,26/10,26/10,26/10,26/10,26/10,26/10,26/10,,,,,,,,,,,,,26/10,26/10,26/10,26/10,26/10,26/10,26/10,26/10,26/10,26/10,26/10,26/10,0,0,0,0,0,0,0,0,0,0,0,0,26/10,03/11,26/10,03/11,26/10,03/11,26/10,03/11,26/10,03/11,26/10,03/11,26/10,03/11,26/10,03/11,26/10,03/11,26/10,03/11,26/10,03/11,26/10,03/11,26/10,03/11,26/10,03/11
M4 U3,M4,nova,11/11/2026,11/11/2026,0,PI,margem 0 d.u. · Dani 11/11,26/10,03/11,,03/11,03/11,03/11,03/11,03/11,03/11,03/11,03/11,03/11,,,,,,,,,,,,,26/10,03/11,,03/11,03/11,03/11,03/11,03/11,03/11,03/11,03/11,03/11,0,0,0,0,0,0,0,0,0,0,0,0,26/10,11/11,03/11,11/11,,,03/11,11/11,03/11,11/11,03/11,11/11,03/11,11/11,03/11,11/11,03/11,11/11,03/11,11/11,03/11,11/11,03/11,11/11,03/11,11/11,03/11,11/11
M4 U4,M4,nova,11/11/2026,11/11/2026,0,PI,margem 0 d.u. · Dani 11/11,26/10,03/11,03/11,03/11,03/11,03/11,03/11,03/11,03/11,03/11,03/11,03/11,,,,,,,,,,,,,26/10,03/11,03/11,03/11,03/11,03/11,03/11,03/11,03/11,03/11,03/11,03/11,0,0,0,0,0,0,0,0,0,0,0,0,26/10,11/11,03/11,11/11,03/11,11/11,03/11,11/11,03/11,11/11,03/11,11/11,03/11,11/11,03/11,11/11,03/11,11/11,03/11,11/11,03/11,11/11,03/11,11/11,03/11,11/11,03/11,11/11
M4 U5,M4,nova,18/11/2026,18/11/2026,0,ADM,margem 0 d.u. · Dani 18/11,03/11,03/11,,10/11,10/11,10/11,10/11,10/11,10/11,10/11,10/11,10/11,,,,,,,,,,,,,03/11,03/11,,10/11,10/11,10/11,10/11,10/11,10/11,10/11,10/11,10/11,0,0,0,0,0,0,0,0,0,0,0,0,03/11,18/11,03/11,18/11,,,10/11,18/11,03/11,18/11,10/11,18/11,10/11,18/11,10/11,18/11,10/11,18/11,10/11,18/11,10/11,18/11,10/11,18/11,10/11,18/11,10/11,18/11
M4 U6,M4,nova,18/11/2026,18/11/2026,0,ADM,margem 0 d.u. · Dani 18/11,03/11,09/11,09/11,10/11,10/11,10/11,10/11,10/11,10/11,10/11,10/11,10/11,,,,,,,,,,,,,03/11,09/11,09/11,10/11,10/11,10/11,10/11,10/11,10/11,10/11,10/11,10/11,0,0,0,0,0,0,0,0,0,0,0,0,03/11,18/11,09/11,18/11,09/11,18/11,10/11,18/11,09/11,18/11,10/11,18/11,10/11,18/11,10/11,18/11,10/11,18/11,10/11,18/11,10/11,18/11,10/11,18/11,10/11,18/11,10/11,18/11
M4 U7,M4,nova,25/11/2026,25/11/2026,0,ADM,margem 0 d.u. · Dani 25/11,09/11,09/11,,17/11,17/11,17/11,17/11,17/11,17/11,17/11,17/11,17/11,,,,,,,,,,,,,09/11,09/11,,17/11,17/11,17/11,17/11,17/11,17/11,17/11,17/11,17/11,0,0,0,0,0,0,0,0,0,0,0,0,09/11,25/11,09/11,25/11,,,17/11,25/11,09/11,25/11,17/11,25/11,17/11,25/11,17/11,25/11,17/11,25/11,17/11,25/11,17/11,25/11,17/11,25/11,17/11,25/11,17/11,25/11
M4 U8,M4,nova,25/11/2026,25/11/2026,0,ADM,margem 0 d.u. · Dani 25/11,09/11,03/11,,17/11,17/11,17/11,17/11,17/11,17/11,17/11,17/11,17/11,,,,,,,,,,,,,09/11,03/11,,17/11,17/11,17/11,17/11,17/11,17/11,17/11,17/11,17/11,0,0,0,0,0,0,0,0,0,0,0,0,09/11,25/11,03/11,25/11,,,17/11,25/11,09/11,25/11,17/11,25/11,17/11,25/11,17/11,25/11,17/11,25/11,17/11,25/11,17/11,25/11,17/11,25/11,17/11,25/11,17/11,25/11